image_path,labels
n04065272/n04065272_24030.JPEG,1
n04065272/n04065272_1926.JPEG,1
n04065272/n04065272_29091.JPEG,1
n04065272/n04065272_4164.JPEG,1
n02701002/n02701002_1542.JPEG,0
n04065272/n04065272_15024.JPEG,1
n04065272/n04065272_10488.JPEG,1
n04065272/n04065272_16386.JPEG,1
n04065272/n04065272_19818.JPEG,1
n02701002/n02701002_4992.JPEG,0
n04065272/n04065272_6724.JPEG,1
n02701002/n02701002_12098.JPEG,0
n04065272/n04065272_5837.JPEG,1
n04065272/n04065272_13106.JPEG,1
n04065272/n04065272_15824.JPEG,1
n04065272/n04065272_7555.JPEG,1
n02701002/n02701002_3884.JPEG,0
n04065272/n04065272_22131.JPEG,1
n04065272/n04065272_3677.JPEG,1
n02701002/n02701002_17025.JPEG,0
n04065272/n04065272_19001.JPEG,1
n02701002/n02701002_1269.JPEG,0
n02701002/n02701002_6028.JPEG,0
n04065272/n04065272_20524.JPEG,1
n02701002/n02701002_14591.JPEG,0
n02701002/n02701002_2639.JPEG,0
n02701002/n02701002_3402.JPEG,0
n04065272/n04065272_22704.JPEG,1
n04065272/n04065272_2092.JPEG,1
n04065272/n04065272_8681.JPEG,1
n02701002/n02701002_3528.JPEG,0
n02701002/n02701002_3975.JPEG,0
n04065272/n04065272_17892.JPEG,1
n02701002/n02701002_4915.JPEG,0
n02701002/n02701002_4262.JPEG,0
n02701002/n02701002_10926.JPEG,0
n04065272/n04065272_2639.JPEG,1
n04065272/n04065272_4747.JPEG,1
n04065272/n04065272_8995.JPEG,1
n02701002/n02701002_1117.JPEG,0
n02701002/n02701002_15420.JPEG,0
n02701002/n02701002_3231.JPEG,0
n02701002/n02701002_5162.JPEG,0
n04065272/n04065272_20895.JPEG,1
n02701002/n02701002_12971.JPEG,0
n02701002/n02701002_9931.JPEG,0
n04065272/n04065272_6404.JPEG,1
n04065272/n04065272_1328.JPEG,1
n02701002/n02701002_3434.JPEG,0
n04065272/n04065272_6745.JPEG,1
n04065272/n04065272_15776.JPEG,1
n04065272/n04065272_21860.JPEG,1
n02701002/n02701002_5562.JPEG,0
n04065272/n04065272_15673.JPEG,1
n02701002/n02701002_1714.JPEG,0
n02701002/n02701002_1040.JPEG,0
n04065272/n04065272_19937.JPEG,1
n02701002/n02701002_1547.JPEG,0
n02701002/n02701002_3428.JPEG,0
n04065272/n04065272_6901.JPEG,1
n02701002/n02701002_3379.JPEG,0
n02701002/n02701002_15837.JPEG,0
n04065272/n04065272_10505.JPEG,1
n02701002/n02701002_7569.JPEG,0
n04065272/n04065272_17486.JPEG,1
n04065272/n04065272_20629.JPEG,1
n04065272/n04065272_18766.JPEG,1
n04065272/n04065272_21004.JPEG,1
n02701002/n02701002_4266.JPEG,0
n04065272/n04065272_21132.JPEG,1
n02701002/n02701002_2297.JPEG,0
n02701002/n02701002_1594.JPEG,0
n04065272/n04065272_23003.JPEG,1
n04065272/n04065272_24759.JPEG,1
n02701002/n02701002_3340.JPEG,0
n02701002/n02701002_5103.JPEG,0
n04065272/n04065272_28650.JPEG,1
n02701002/n02701002_1151.JPEG,0
n04065272/n04065272_2171.JPEG,1
n02701002/n02701002_11647.JPEG,0
n04065272/n04065272_16451.JPEG,1
n02701002/n02701002_3008.JPEG,0
n02701002/n02701002_3989.JPEG,0
n02701002/n02701002_2227.JPEG,0
n02701002/n02701002_953.JPEG,0
n04065272/n04065272_6123.JPEG,1
n04065272/n04065272_15767.JPEG,1
n04065272/n04065272_10592.JPEG,1
n04065272/n04065272_15395.JPEG,1
n02701002/n02701002_5409.JPEG,0
n02701002/n02701002_1470.JPEG,0
n02701002/n02701002_1303.JPEG,0
n04065272/n04065272_3446.JPEG,1
n02701002/n02701002_3016.JPEG,0
n04065272/n04065272_23488.JPEG,1
n02701002/n02701002_2636.JPEG,0
n04065272/n04065272_1853.JPEG,1
n02701002/n02701002_3768.JPEG,0
n02701002/n02701002_4951.JPEG,0
n04065272/n04065272_1501.JPEG,1
n04065272/n04065272_22808.JPEG,1
n02701002/n02701002_1471.JPEG,0
n04065272/n04065272_7268.JPEG,1
n02701002/n02701002_340.JPEG,0
n04065272/n04065272_16156.JPEG,1
n04065272/n04065272_16050.JPEG,1
n04065272/n04065272_18635.JPEG,1
n04065272/n04065272_23057.JPEG,1
n02701002/n02701002_3173.JPEG,0
n04065272/n04065272_7323.JPEG,1
n04065272/n04065272_12837.JPEG,1
n04065272/n04065272_5781.JPEG,1
n04065272/n04065272_23178.JPEG,1
n04065272/n04065272_21112.JPEG,1
n02701002/n02701002_6720.JPEG,0
n02701002/n02701002_2220.JPEG,0
n02701002/n02701002_683.JPEG,0
n04065272/n04065272_14831.JPEG,1
n04065272/n04065272_20762.JPEG,1
n02701002/n02701002_2194.JPEG,0
n04065272/n04065272_21680.JPEG,1
n02701002/n02701002_14308.JPEG,0
n04065272/n04065272_5214.JPEG,1
n02701002/n02701002_4128.JPEG,0
n02701002/n02701002_4360.JPEG,0
n04065272/n04065272_11517.JPEG,1
n04065272/n04065272_15917.JPEG,1
n02701002/n02701002_3673.JPEG,0
n04065272/n04065272_21473.JPEG,1
n04065272/n04065272_12015.JPEG,1
n04065272/n04065272_5668.JPEG,1
n04065272/n04065272_19162.JPEG,1
n02701002/n02701002_4289.JPEG,0
n04065272/n04065272_22150.JPEG,1
n04065272/n04065272_26979.JPEG,1
n02701002/n02701002_58.JPEG,0
n02701002/n02701002_4129.JPEG,0
n02701002/n02701002_2361.JPEG,0
n02701002/n02701002_17416.JPEG,0
n02701002/n02701002_1361.JPEG,0
n02701002/n02701002_6650.JPEG,0
n02701002/n02701002_1347.JPEG,0
n04065272/n04065272_12858.JPEG,1
n02701002/n02701002_807.JPEG,0
n04065272/n04065272_24221.JPEG,1
n04065272/n04065272_33950.JPEG,1
n04065272/n04065272_25537.JPEG,1
n02701002/n02701002_3132.JPEG,0
n04065272/n04065272_16761.JPEG,1
n02701002/n02701002_2024.JPEG,0
n04065272/n04065272_4993.JPEG,1
n02701002/n02701002_62.JPEG,0
n04065272/n04065272_19935.JPEG,1
n02701002/n02701002_17576.JPEG,0
n04065272/n04065272_9536.JPEG,1
n02701002/n02701002_2872.JPEG,0
n02701002/n02701002_4891.JPEG,0
n04065272/n04065272_10475.JPEG,1
n02701002/n02701002_6619.JPEG,0
n04065272/n04065272_12253.JPEG,1
n04065272/n04065272_7213.JPEG,1
n04065272/n04065272_15591.JPEG,1
n04065272/n04065272_4547.JPEG,1
n04065272/n04065272_18868.JPEG,1
n04065272/n04065272_17158.JPEG,1
n04065272/n04065272_3509.JPEG,1
n02701002/n02701002_788.JPEG,0
n04065272/n04065272_12362.JPEG,1
n02701002/n02701002_3361.JPEG,0
n02701002/n02701002_13688.JPEG,0
n02701002/n02701002_11976.JPEG,0
n02701002/n02701002_356.JPEG,0
n02701002/n02701002_1533.JPEG,0
n04065272/n04065272_9122.JPEG,1
n02701002/n02701002_2825.JPEG,0
n02701002/n02701002_9556.JPEG,0
n02701002/n02701002_17485.JPEG,0
n02701002/n02701002_6271.JPEG,0
n04065272/n04065272_33473.JPEG,1
n04065272/n04065272_14206.JPEG,1
n02701002/n02701002_17150.JPEG,0
n04065272/n04065272_1527.JPEG,1
n02701002/n02701002_1895.JPEG,0
n04065272/n04065272_17304.JPEG,1
n04065272/n04065272_3149.JPEG,1
n02701002/n02701002_4512.JPEG,0
n02701002/n02701002_5041.JPEG,0
n02701002/n02701002_15923.JPEG,0
n04065272/n04065272_465.JPEG,1
n04065272/n04065272_12311.JPEG,1
n04065272/n04065272_21186.JPEG,1
n04065272/n04065272_63.JPEG,1
n04065272/n04065272_5822.JPEG,1
n02701002/n02701002_1126.JPEG,0
n02701002/n02701002_5748.JPEG,0
n02701002/n02701002_3668.JPEG,0
n02701002/n02701002_4401.JPEG,0
n02701002/n02701002_101.JPEG,0
n04065272/n04065272_19351.JPEG,1
n02701002/n02701002_5722.JPEG,0
n02701002/n02701002_274.JPEG,0
n04065272/n04065272_20417.JPEG,1
n04065272/n04065272_8828.JPEG,1
n04065272/n04065272_6144.JPEG,1
n04065272/n04065272_14938.JPEG,1
n04065272/n04065272_18963.JPEG,1
n02701002/n02701002_6060.JPEG,0
n04065272/n04065272_542.JPEG,1
n02701002/n02701002_249.JPEG,0
n04065272/n04065272_6827.JPEG,1
n02701002/n02701002_14502.JPEG,0
n02701002/n02701002_436.JPEG,0
n04065272/n04065272_29702.JPEG,1
n04065272/n04065272_476.JPEG,1
n04065272/n04065272_27348.JPEG,1
n02701002/n02701002_13054.JPEG,0
n04065272/n04065272_1663.JPEG,1
n02701002/n02701002_14530.JPEG,0
n04065272/n04065272_2620.JPEG,1
n04065272/n04065272_29188.JPEG,1
n02701002/n02701002_6623.JPEG,0
n04065272/n04065272_12735.JPEG,1
n04065272/n04065272_3306.JPEG,1
n02701002/n02701002_1814.JPEG,0
n04065272/n04065272_9797.JPEG,1
n02701002/n02701002_18046.JPEG,0
n04065272/n04065272_27208.JPEG,1
n02701002/n02701002_5616.JPEG,0
n04065272/n04065272_14299.JPEG,1
n04065272/n04065272_6357.JPEG,1
n02701002/n02701002_15609.JPEG,0
n04065272/n04065272_3576.JPEG,1
n02701002/n02701002_6505.JPEG,0
n04065272/n04065272_8881.JPEG,1
n02701002/n02701002_1448.JPEG,0
n02701002/n02701002_1051.JPEG,0
n02701002/n02701002_3136.JPEG,0
n04065272/n04065272_6356.JPEG,1
n02701002/n02701002_2425.JPEG,0
n02701002/n02701002_11610.JPEG,0
n02701002/n02701002_6891.JPEG,0
n02701002/n02701002_891.JPEG,0
n04065272/n04065272_11596.JPEG,1
n04065272/n04065272_3899.JPEG,1
n02701002/n02701002_3292.JPEG,0
n02701002/n02701002_3391.JPEG,0
n02701002/n02701002_1789.JPEG,0
n02701002/n02701002_630.JPEG,0
n02701002/n02701002_1332.JPEG,0
n02701002/n02701002_789.JPEG,0
n02701002/n02701002_336.JPEG,0
n04065272/n04065272_11117.JPEG,1
n04065272/n04065272_7136.JPEG,1
n04065272/n04065272_5560.JPEG,1
n02701002/n02701002_4987.JPEG,0
n02701002/n02701002_1204.JPEG,0
n04065272/n04065272_6523.JPEG,1
n04065272/n04065272_10320.JPEG,1
n04065272/n04065272_4514.JPEG,1
n02701002/n02701002_6548.JPEG,0
n04065272/n04065272_12541.JPEG,1
n02701002/n02701002_8018.JPEG,0
n02701002/n02701002_9426.JPEG,0
n02701002/n02701002_17717.JPEG,0
n02701002/n02701002_3941.JPEG,0
n04065272/n04065272_21763.JPEG,1
n04065272/n04065272_16241.JPEG,1
n02701002/n02701002_6377.JPEG,0
n04065272/n04065272_8530.JPEG,1
n02701002/n02701002_5676.JPEG,0
n02701002/n02701002_6667.JPEG,0
n02701002/n02701002_944.JPEG,0
n04065272/n04065272_9542.JPEG,1
n02701002/n02701002_3138.JPEG,0
n04065272/n04065272_6158.JPEG,1
n02701002/n02701002_2565.JPEG,0
n02701002/n02701002_12331.JPEG,0
n04065272/n04065272_2115.JPEG,1
n02701002/n02701002_4924.JPEG,0
n04065272/n04065272_8891.JPEG,1
n04065272/n04065272_18993.JPEG,1
n04065272/n04065272_10755.JPEG,1
n02701002/n02701002_124.JPEG,0
n02701002/n02701002_3326.JPEG,0
n02701002/n02701002_1802.JPEG,0
n04065272/n04065272_7613.JPEG,1
n02701002/n02701002_1596.JPEG,0
n02701002/n02701002_6025.JPEG,0
n02701002/n02701002_3406.JPEG,0
n04065272/n04065272_16676.JPEG,1
n04065272/n04065272_25951.JPEG,1
n04065272/n04065272_22944.JPEG,1
n04065272/n04065272_26884.JPEG,1
n02701002/n02701002_3156.JPEG,0
n02701002/n02701002_916.JPEG,0
n02701002/n02701002_3857.JPEG,0
n04065272/n04065272_16899.JPEG,1
n02701002/n02701002_3221.JPEG,0
n02701002/n02701002_6810.JPEG,0
n02701002/n02701002_1177.JPEG,0
n04065272/n04065272_885.JPEG,1
n02701002/n02701002_5615.JPEG,0
n02701002/n02701002_128.JPEG,0
n02701002/n02701002_17823.JPEG,0
n04065272/n04065272_7638.JPEG,1
n04065272/n04065272_6328.JPEG,1
n02701002/n02701002_5711.JPEG,0
n04065272/n04065272_12009.JPEG,1
n04065272/n04065272_3572.JPEG,1
n04065272/n04065272_31781.JPEG,1
n04065272/n04065272_32091.JPEG,1
n04065272/n04065272_33719.JPEG,1
n04065272/n04065272_24529.JPEG,1
n04065272/n04065272_23899.JPEG,1
n02701002/n02701002_15197.JPEG,0
n02701002/n02701002_6890.JPEG,0
n02701002/n02701002_421.JPEG,0
n02701002/n02701002_4439.JPEG,0
n04065272/n04065272_8961.JPEG,1
n02701002/n02701002_4866.JPEG,0
n02701002/n02701002_2928.JPEG,0
n02701002/n02701002_383.JPEG,0
n02701002/n02701002_925.JPEG,0
n04065272/n04065272_20427.JPEG,1
n04065272/n04065272_20124.JPEG,1
n04065272/n04065272_7631.JPEG,1
n02701002/n02701002_4045.JPEG,0
n02701002/n02701002_2492.JPEG,0
n04065272/n04065272_7584.JPEG,1
n02701002/n02701002_938.JPEG,0
n04065272/n04065272_25709.JPEG,1
n02701002/n02701002_5177.JPEG,0
n04065272/n04065272_14017.JPEG,1
n04065272/n04065272_11440.JPEG,1
n02701002/n02701002_2078.JPEG,0
n02701002/n02701002_791.JPEG,0
n04065272/n04065272_12798.JPEG,1
n04065272/n04065272_13572.JPEG,1
n04065272/n04065272_4350.JPEG,1
n04065272/n04065272_2410.JPEG,1
n02701002/n02701002_857.JPEG,0
n02701002/n02701002_13780.JPEG,0
n02701002/n02701002_7182.JPEG,0
n02701002/n02701002_175.JPEG,0
n02701002/n02701002_9662.JPEG,0
n02701002/n02701002_5502.JPEG,0
n04065272/n04065272_23782.JPEG,1
n04065272/n04065272_17242.JPEG,1
n02701002/n02701002_5405.JPEG,0
n04065272/n04065272_10860.JPEG,1
n02701002/n02701002_926.JPEG,0
n02701002/n02701002_4363.JPEG,0
n04065272/n04065272_4405.JPEG,1
n02701002/n02701002_4379.JPEG,0
n02701002/n02701002_5013.JPEG,0
n02701002/n02701002_3457.JPEG,0
n02701002/n02701002_13027.JPEG,0
n02701002/n02701002_18232.JPEG,0
n02701002/n02701002_2968.JPEG,0
n02701002/n02701002_8586.JPEG,0
n02701002/n02701002_5271.JPEG,0
n04065272/n04065272_9875.JPEG,1
n02701002/n02701002_3694.JPEG,0
n02701002/n02701002_2218.JPEG,0
n02701002/n02701002_6779.JPEG,0
n02701002/n02701002_1286.JPEG,0
n04065272/n04065272_18937.JPEG,1
n02701002/n02701002_11033.JPEG,0
n02701002/n02701002_11489.JPEG,0
n04065272/n04065272_2107.JPEG,1
n02701002/n02701002_6591.JPEG,0
n04065272/n04065272_23830.JPEG,1
n02701002/n02701002_4604.JPEG,0
n02701002/n02701002_4340.JPEG,0
n02701002/n02701002_10558.JPEG,0
n04065272/n04065272_4538.JPEG,1
n02701002/n02701002_4820.JPEG,0
n02701002/n02701002_5406.JPEG,0
n04065272/n04065272_2238.JPEG,1
n04065272/n04065272_22031.JPEG,1
n02701002/n02701002_17500.JPEG,0
n02701002/n02701002_2638.JPEG,0
n04065272/n04065272_9035.JPEG,1
n02701002/n02701002_1216.JPEG,0
n02701002/n02701002_3665.JPEG,0
n04065272/n04065272_25182.JPEG,1
n04065272/n04065272_14168.JPEG,1
n02701002/n02701002_3584.JPEG,0
n04065272/n04065272_17090.JPEG,1
n04065272/n04065272_29489.JPEG,1
n02701002/n02701002_7039.JPEG,0
n02701002/n02701002_802.JPEG,0
n04065272/n04065272_20332.JPEG,1
n02701002/n02701002_1592.JPEG,0
n04065272/n04065272_10433.JPEG,1
n02701002/n02701002_5800.JPEG,0
n02701002/n02701002_2863.JPEG,0
n02701002/n02701002_535.JPEG,0
n04065272/n04065272_19499.JPEG,1
n04065272/n04065272_8072.JPEG,1
n02701002/n02701002_5142.JPEG,0
n02701002/n02701002_1832.JPEG,0
n04065272/n04065272_16002.JPEG,1
n04065272/n04065272_12297.JPEG,1
n04065272/n04065272_26579.JPEG,1
n04065272/n04065272_5769.JPEG,1
n04065272/n04065272_17971.JPEG,1
n02701002/n02701002_14209.JPEG,0
n02701002/n02701002_5224.JPEG,0
n04065272/n04065272_4416.JPEG,1
n04065272/n04065272_21742.JPEG,1
n04065272/n04065272_15123.JPEG,1
n04065272/n04065272_16293.JPEG,1
n02701002/n02701002_6604.JPEG,0
n04065272/n04065272_31999.JPEG,1
n04065272/n04065272_17822.JPEG,1
n04065272/n04065272_25337.JPEG,1
n04065272/n04065272_12682.JPEG,1
n04065272/n04065272_15873.JPEG,1
n02701002/n02701002_14241.JPEG,0
n02701002/n02701002_5610.JPEG,0
n04065272/n04065272_5270.JPEG,1
n02701002/n02701002_1112.JPEG,0
n04065272/n04065272_8113.JPEG,1
n02701002/n02701002_4701.JPEG,0
n02701002/n02701002_894.JPEG,0
n02701002/n02701002_3049.JPEG,0
n02701002/n02701002_1364.JPEG,0
n04065272/n04065272_6312.JPEG,1
n02701002/n02701002_6287.JPEG,0
n02701002/n02701002_12867.JPEG,0
n02701002/n02701002_913.JPEG,0
n02701002/n02701002_15645.JPEG,0
n02701002/n02701002_3862.JPEG,0
n02701002/n02701002_18366.JPEG,0
n02701002/n02701002_14226.JPEG,0
n02701002/n02701002_3397.JPEG,0
n02701002/n02701002_688.JPEG,0
n04065272/n04065272_20840.JPEG,1
n04065272/n04065272_24624.JPEG,1
n02701002/n02701002_3112.JPEG,0
n04065272/n04065272_11972.JPEG,1
n04065272/n04065272_4596.JPEG,1
n04065272/n04065272_909.JPEG,1
n04065272/n04065272_14785.JPEG,1
n04065272/n04065272_19730.JPEG,1
n04065272/n04065272_5487.JPEG,1
n02701002/n02701002_4065.JPEG,0
n04065272/n04065272_13982.JPEG,1
n04065272/n04065272_11509.JPEG,1
n04065272/n04065272_22312.JPEG,1
n04065272/n04065272_19543.JPEG,1
n02701002/n02701002_6241.JPEG,0
n02701002/n02701002_2405.JPEG,0
n02701002/n02701002_14327.JPEG,0
n04065272/n04065272_22647.JPEG,1
n04065272/n04065272_13892.JPEG,1
n04065272/n04065272_10062.JPEG,1
n02701002/n02701002_4948.JPEG,0
n02701002/n02701002_7908.JPEG,0
n02701002/n02701002_6513.JPEG,0
n02701002/n02701002_4863.JPEG,0
n04065272/n04065272_23990.JPEG,1
n04065272/n04065272_14545.JPEG,1
n02701002/n02701002_4414.JPEG,0
n02701002/n02701002_1797.JPEG,0
n02701002/n02701002_6625.JPEG,0
n02701002/n02701002_17491.JPEG,0
n04065272/n04065272_21960.JPEG,1
n02701002/n02701002_12630.JPEG,0
n02701002/n02701002_4756.JPEG,0
n02701002/n02701002_4547.JPEG,0
n04065272/n04065272_28205.JPEG,1
n02701002/n02701002_1760.JPEG,0
n02701002/n02701002_7038.JPEG,0
n04065272/n04065272_19969.JPEG,1
n04065272/n04065272_9686.JPEG,1
n04065272/n04065272_15036.JPEG,1
n04065272/n04065272_1352.JPEG,1
n04065272/n04065272_5878.JPEG,1
n04065272/n04065272_1895.JPEG,1
n02701002/n02701002_6302.JPEG,0
n02701002/n02701002_17492.JPEG,0
n02701002/n02701002_5458.JPEG,0
n04065272/n04065272_6518.JPEG,1
n02701002/n02701002_1035.JPEG,0
n02701002/n02701002_96.JPEG,0
n02701002/n02701002_18112.JPEG,0
n02701002/n02701002_4009.JPEG,0
n02701002/n02701002_6492.JPEG,0
n04065272/n04065272_11382.JPEG,1
n04065272/n04065272_14978.JPEG,1
n04065272/n04065272_15935.JPEG,1
n02701002/n02701002_4796.JPEG,0
n02701002/n02701002_3040.JPEG,0
n02701002/n02701002_3783.JPEG,0
n02701002/n02701002_6638.JPEG,0
n02701002/n02701002_2937.JPEG,0
n04065272/n04065272_26212.JPEG,1
n04065272/n04065272_4069.JPEG,1
n04065272/n04065272_23165.JPEG,1
n02701002/n02701002_4827.JPEG,0
n02701002/n02701002_4909.JPEG,0
n04065272/n04065272_9102.JPEG,1
n04065272/n04065272_23999.JPEG,1
n04065272/n04065272_693.JPEG,1
n04065272/n04065272_23169.JPEG,1
n02701002/n02701002_3542.JPEG,0
n04065272/n04065272_12887.JPEG,1
n04065272/n04065272_7971.JPEG,1
n02701002/n02701002_197.JPEG,0
n04065272/n04065272_1391.JPEG,1
n02701002/n02701002_5138.JPEG,0
n02701002/n02701002_1482.JPEG,0
n02701002/n02701002_2821.JPEG,0
n04065272/n04065272_20570.JPEG,1
n02701002/n02701002_246.JPEG,0
n02701002/n02701002_3755.JPEG,0
n04065272/n04065272_15154.JPEG,1
n02701002/n02701002_1070.JPEG,0
n02701002/n02701002_3118.JPEG,0
n04065272/n04065272_11951.JPEG,1
n04065272/n04065272_24433.JPEG,1
n02701002/n02701002_7425.JPEG,0
n02701002/n02701002_3895.JPEG,0
n04065272/n04065272_6438.JPEG,1
n04065272/n04065272_13872.JPEG,1
n02701002/n02701002_2166.JPEG,0
n04065272/n04065272_14511.JPEG,1
n02701002/n02701002_2187.JPEG,0
n04065272/n04065272_9760.JPEG,1
n02701002/n02701002_11209.JPEG,0
n04065272/n04065272_6436.JPEG,1
n02701002/n02701002_779.JPEG,0
n04065272/n04065272_26996.JPEG,1
n02701002/n02701002_2397.JPEG,0
n02701002/n02701002_1837.JPEG,0
n02701002/n02701002_2464.JPEG,0
n04065272/n04065272_14024.JPEG,1
n02701002/n02701002_4024.JPEG,0
n02701002/n02701002_13156.JPEG,0
n02701002/n02701002_15859.JPEG,0
n02701002/n02701002_13751.JPEG,0
n02701002/n02701002_3906.JPEG,0
n02701002/n02701002_1811.JPEG,0
n04065272/n04065272_16184.JPEG,1
n04065272/n04065272_24830.JPEG,1
n04065272/n04065272_7943.JPEG,1
n04065272/n04065272_727.JPEG,1
n02701002/n02701002_4568.JPEG,0
n02701002/n02701002_4956.JPEG,0
n02701002/n02701002_2426.JPEG,0
n04065272/n04065272_525.JPEG,1
n02701002/n02701002_3189.JPEG,0
n04065272/n04065272_1615.JPEG,1
n04065272/n04065272_6156.JPEG,1
n02701002/n02701002_3051.JPEG,0
n02701002/n02701002_3549.JPEG,0
n02701002/n02701002_89.JPEG,0
n02701002/n02701002_11320.JPEG,0
n02701002/n02701002_6270.JPEG,0
n04065272/n04065272_15834.JPEG,1
n04065272/n04065272_19735.JPEG,1
n04065272/n04065272_14428.JPEG,1
n02701002/n02701002_8892.JPEG,0
n02701002/n02701002_10648.JPEG,0
n04065272/n04065272_21868.JPEG,1
n02701002/n02701002_3268.JPEG,0
n02701002/n02701002_14965.JPEG,0
n04065272/n04065272_9380.JPEG,1
n02701002/n02701002_3003.JPEG,0
n02701002/n02701002_1455.JPEG,0
n04065272/n04065272_22659.JPEG,1
n02701002/n02701002_1780.JPEG,0
n02701002/n02701002_8232.JPEG,0
n04065272/n04065272_28862.JPEG,1
n02701002/n02701002_6509.JPEG,0
n02701002/n02701002_6288.JPEG,0
n02701002/n02701002_13824.JPEG,0
n04065272/n04065272_23513.JPEG,1
n02701002/n02701002_381.JPEG,0
n02701002/n02701002_1955.JPEG,0
n04065272/n04065272_10618.JPEG,1
n04065272/n04065272_1968.JPEG,1
n04065272/n04065272_22016.JPEG,1
n02701002/n02701002_1092.JPEG,0
n04065272/n04065272_4597.JPEG,1
n04065272/n04065272_23291.JPEG,1
n02701002/n02701002_1078.JPEG,0
n02701002/n02701002_2693.JPEG,0
n02701002/n02701002_3966.JPEG,0
n04065272/n04065272_28548.JPEG,1
n04065272/n04065272_23078.JPEG,1
n04065272/n04065272_2743.JPEG,1
n04065272/n04065272_19382.JPEG,1
n02701002/n02701002_6960.JPEG,0
n02701002/n02701002_3680.JPEG,0
n04065272/n04065272_451.JPEG,1
n04065272/n04065272_9684.JPEG,1
n04065272/n04065272_13569.JPEG,1
n02701002/n02701002_7734.JPEG,0
n02701002/n02701002_322.JPEG,0
n02701002/n02701002_3212.JPEG,0
n02701002/n02701002_7695.JPEG,0
n04065272/n04065272_8734.JPEG,1
n04065272/n04065272_11244.JPEG,1
n02701002/n02701002_2832.JPEG,0
n02701002/n02701002_4203.JPEG,0
n04065272/n04065272_25791.JPEG,1
n04065272/n04065272_6502.JPEG,1
n02701002/n02701002_5390.JPEG,0
n02701002/n02701002_10092.JPEG,0
n04065272/n04065272_4957.JPEG,1
n04065272/n04065272_16720.JPEG,1
n04065272/n04065272_12708.JPEG,1
n04065272/n04065272_18020.JPEG,1
n04065272/n04065272_31966.JPEG,1
n04065272/n04065272_25840.JPEG,1
n04065272/n04065272_15750.JPEG,1
n02701002/n02701002_13263.JPEG,0
n04065272/n04065272_658.JPEG,1
n02701002/n02701002_2624.JPEG,0
n04065272/n04065272_12497.JPEG,1
n02701002/n02701002_2280.JPEG,0
n02701002/n02701002_6054.JPEG,0
n04065272/n04065272_21090.JPEG,1
n02701002/n02701002_6572.JPEG,0
n04065272/n04065272_25727.JPEG,1
n04065272/n04065272_20066.JPEG,1
n04065272/n04065272_24530.JPEG,1
n04065272/n04065272_24052.JPEG,1
n02701002/n02701002_5946.JPEG,0
n02701002/n02701002_4806.JPEG,0
n04065272/n04065272_12904.JPEG,1
n04065272/n04065272_1146.JPEG,1
n02701002/n02701002_1735.JPEG,0
n02701002/n02701002_5609.JPEG,0
n04065272/n04065272_13219.JPEG,1
n02701002/n02701002_3762.JPEG,0
n04065272/n04065272_6968.JPEG,1
n02701002/n02701002_3950.JPEG,0
n02701002/n02701002_5028.JPEG,0
n02701002/n02701002_1044.JPEG,0
n04065272/n04065272_11765.JPEG,1
n02701002/n02701002_276.JPEG,0
n02701002/n02701002_4864.JPEG,0
n04065272/n04065272_25911.JPEG,1
n04065272/n04065272_1307.JPEG,1
n04065272/n04065272_7762.JPEG,1
n04065272/n04065272_19826.JPEG,1
n02701002/n02701002_2408.JPEG,0
n04065272/n04065272_2569.JPEG,1
n04065272/n04065272_3155.JPEG,1
n04065272/n04065272_18652.JPEG,1
n04065272/n04065272_5584.JPEG,1
n04065272/n04065272_5933.JPEG,1
n04065272/n04065272_8620.JPEG,1
n04065272/n04065272_22492.JPEG,1
n02701002/n02701002_1667.JPEG,0
n04065272/n04065272_22412.JPEG,1
n02701002/n02701002_686.JPEG,0
n04065272/n04065272_21344.JPEG,1
n04065272/n04065272_19213.JPEG,1
n04065272/n04065272_2268.JPEG,1
n02701002/n02701002_3210.JPEG,0
n02701002/n02701002_4347.JPEG,0
n04065272/n04065272_17376.JPEG,1
n02701002/n02701002_1971.JPEG,0
n02701002/n02701002_5302.JPEG,0
n02701002/n02701002_12025.JPEG,0
n04065272/n04065272_16041.JPEG,1
n04065272/n04065272_6002.JPEG,1
n04065272/n04065272_6205.JPEG,1
n04065272/n04065272_11379.JPEG,1
n02701002/n02701002_3486.JPEG,0
n02701002/n02701002_4637.JPEG,0
n02701002/n02701002_6534.JPEG,0
n02701002/n02701002_2343.JPEG,0
n04065272/n04065272_17367.JPEG,1
n02701002/n02701002_1599.JPEG,0
n04065272/n04065272_13966.JPEG,1
n04065272/n04065272_13467.JPEG,1
n04065272/n04065272_9343.JPEG,1
n02701002/n02701002_18242.JPEG,0
n04065272/n04065272_5430.JPEG,1
n02701002/n02701002_16125.JPEG,0
n02701002/n02701002_12991.JPEG,0
n04065272/n04065272_6774.JPEG,1
n02701002/n02701002_1515.JPEG,0
n02701002/n02701002_13733.JPEG,0
n04065272/n04065272_15288.JPEG,1
n04065272/n04065272_16250.JPEG,1
n04065272/n04065272_4718.JPEG,1
n04065272/n04065272_26928.JPEG,1
n04065272/n04065272_8991.JPEG,1
n02701002/n02701002_11014.JPEG,0
n04065272/n04065272_23080.JPEG,1
n02701002/n02701002_2275.JPEG,0
n02701002/n02701002_121.JPEG,0
n02701002/n02701002_4198.JPEG,0
n04065272/n04065272_14760.JPEG,1
n04065272/n04065272_491.JPEG,1
n04065272/n04065272_16227.JPEG,1
n04065272/n04065272_23153.JPEG,1
n04065272/n04065272_22692.JPEG,1
n02701002/n02701002_2915.JPEG,0
n02701002/n02701002_4241.JPEG,0
n02701002/n02701002_6526.JPEG,0
n04065272/n04065272_4321.JPEG,1
n04065272/n04065272_8616.JPEG,1
n04065272/n04065272_8996.JPEG,1
n04065272/n04065272_9417.JPEG,1
n02701002/n02701002_4186.JPEG,0
n02701002/n02701002_16871.JPEG,0
n02701002/n02701002_3897.JPEG,0
n02701002/n02701002_3953.JPEG,0
n02701002/n02701002_4371.JPEG,0
n04065272/n04065272_17568.JPEG,1
n04065272/n04065272_22505.JPEG,1
n02701002/n02701002_4274.JPEG,0
n04065272/n04065272_16621.JPEG,1
n02701002/n02701002_5055.JPEG,0
n04065272/n04065272_19016.JPEG,1
n02701002/n02701002_1468.JPEG,0
n02701002/n02701002_1904.JPEG,0
n02701002/n02701002_5904.JPEG,0
n02701002/n02701002_3177.JPEG,0
n02701002/n02701002_4873.JPEG,0
n02701002/n02701002_2422.JPEG,0
n02701002/n02701002_3251.JPEG,0
n02701002/n02701002_5555.JPEG,0
n02701002/n02701002_5836.JPEG,0
n04065272/n04065272_4412.JPEG,1
n04065272/n04065272_24999.JPEG,1
n04065272/n04065272_18052.JPEG,1
n04065272/n04065272_9625.JPEG,1
n04065272/n04065272_5942.JPEG,1
n02701002/n02701002_3348.JPEG,0
n04065272/n04065272_17746.JPEG,1
n02701002/n02701002_5618.JPEG,0
n04065272/n04065272_4316.JPEG,1
n04065272/n04065272_10094.JPEG,1
n04065272/n04065272_5543.JPEG,1
n04065272/n04065272_4850.JPEG,1
n02701002/n02701002_468.JPEG,0
n04065272/n04065272_19788.JPEG,1
n04065272/n04065272_2046.JPEG,1
n04065272/n04065272_1738.JPEG,1
n04065272/n04065272_13077.JPEG,1
n04065272/n04065272_28916.JPEG,1
n04065272/n04065272_10561.JPEG,1
n04065272/n04065272_3497.JPEG,1
n04065272/n04065272_26534.JPEG,1
n02701002/n02701002_3830.JPEG,0
n04065272/n04065272_11186.JPEG,1
n04065272/n04065272_1174.JPEG,1
n02701002/n02701002_6933.JPEG,0
n04065272/n04065272_23249.JPEG,1
n02701002/n02701002_5096.JPEG,0
n02701002/n02701002_10745.JPEG,0
n02701002/n02701002_1681.JPEG,0
n04065272/n04065272_14435.JPEG,1
n02701002/n02701002_936.JPEG,0
n04065272/n04065272_18102.JPEG,1
n04065272/n04065272_15615.JPEG,1
n04065272/n04065272_23767.JPEG,1
n02701002/n02701002_255.JPEG,0
n04065272/n04065272_17256.JPEG,1
n04065272/n04065272_16815.JPEG,1
n02701002/n02701002_4219.JPEG,0
n04065272/n04065272_8651.JPEG,1
n04065272/n04065272_11579.JPEG,1
n02701002/n02701002_2224.JPEG,0
n04065272/n04065272_10163.JPEG,1
n02701002/n02701002_5457.JPEG,0
n04065272/n04065272_3146.JPEG,1
n04065272/n04065272_18816.JPEG,1
n02701002/n02701002_3324.JPEG,0
n02701002/n02701002_4311.JPEG,0
n04065272/n04065272_19337.JPEG,1
n04065272/n04065272_15827.JPEG,1
n04065272/n04065272_6716.JPEG,1
n02701002/n02701002_196.JPEG,0
n02701002/n02701002_9022.JPEG,0
n02701002/n02701002_13667.JPEG,0
n02701002/n02701002_4607.JPEG,0
n04065272/n04065272_5972.JPEG,1
n04065272/n04065272_10905.JPEG,1
n02701002/n02701002_6343.JPEG,0
n02701002/n02701002_5654.JPEG,0
n04065272/n04065272_20913.JPEG,1
n04065272/n04065272_14091.JPEG,1
n04065272/n04065272_8387.JPEG,1
n04065272/n04065272_503.JPEG,1
n04065272/n04065272_6880.JPEG,1
n04065272/n04065272_9974.JPEG,1
n04065272/n04065272_6009.JPEG,1
n04065272/n04065272_18254.JPEG,1
n04065272/n04065272_11497.JPEG,1
n04065272/n04065272_1006.JPEG,1
n04065272/n04065272_2535.JPEG,1
n04065272/n04065272_22632.JPEG,1
n04065272/n04065272_4475.JPEG,1
n04065272/n04065272_13644.JPEG,1
n02701002/n02701002_18146.JPEG,0
n02701002/n02701002_2683.JPEG,0
n04065272/n04065272_23702.JPEG,1
n02701002/n02701002_6521.JPEG,0
n04065272/n04065272_10855.JPEG,1
n02701002/n02701002_3698.JPEG,0
n04065272/n04065272_5795.JPEG,1
n02701002/n02701002_4234.JPEG,0
n04065272/n04065272_14999.JPEG,1
n04065272/n04065272_12090.JPEG,1
n04065272/n04065272_20729.JPEG,1
n04065272/n04065272_25662.JPEG,1
n04065272/n04065272_14008.JPEG,1
n04065272/n04065272_1805.JPEG,1
n02701002/n02701002_3155.JPEG,0
n04065272/n04065272_25655.JPEG,1
n02701002/n02701002_3955.JPEG,0
n04065272/n04065272_15631.JPEG,1
n04065272/n04065272_7905.JPEG,1
n04065272/n04065272_22066.JPEG,1
n02701002/n02701002_3409.JPEG,0
n04065272/n04065272_973.JPEG,1
n04065272/n04065272_12926.JPEG,1
n02701002/n02701002_13213.JPEG,0
n02701002/n02701002_4121.JPEG,0
n04065272/n04065272_17867.JPEG,1
n02701002/n02701002_564.JPEG,0
n04065272/n04065272_12994.JPEG,1
n04065272/n04065272_19383.JPEG,1
n02701002/n02701002_5217.JPEG,0
n02701002/n02701002_1658.JPEG,0
n04065272/n04065272_22330.JPEG,1
n04065272/n04065272_5484.JPEG,1
n04065272/n04065272_7240.JPEG,1
n04065272/n04065272_571.JPEG,1
n04065272/n04065272_2716.JPEG,1
n04065272/n04065272_309.JPEG,1
n04065272/n04065272_1912.JPEG,1
n04065272/n04065272_17537.JPEG,1
n02701002/n02701002_5223.JPEG,0
n04065272/n04065272_5381.JPEG,1
n04065272/n04065272_6712.JPEG,1
n04065272/n04065272_55.JPEG,1
n02701002/n02701002_1689.JPEG,0
n04065272/n04065272_18414.JPEG,1
n02701002/n02701002_6954.JPEG,0
n02701002/n02701002_14690.JPEG,0
n04065272/n04065272_1831.JPEG,1
n04065272/n04065272_8266.JPEG,1
n02701002/n02701002_9088.JPEG,0
n02701002/n02701002_4996.JPEG,0
n02701002/n02701002_1195.JPEG,0
n04065272/n04065272_3226.JPEG,1
n02701002/n02701002_4984.JPEG,0
n02701002/n02701002_5671.JPEG,0
n04065272/n04065272_21005.JPEG,1
n02701002/n02701002_8833.JPEG,0
n02701002/n02701002_244.JPEG,0
n02701002/n02701002_3987.JPEG,0
n04065272/n04065272_18814.JPEG,1
n02701002/n02701002_3032.JPEG,0
n04065272/n04065272_16275.JPEG,1
n02701002/n02701002_1107.JPEG,0
n02701002/n02701002_3201.JPEG,0
n02701002/n02701002_4793.JPEG,0
n02701002/n02701002_5435.JPEG,0
n04065272/n04065272_32973.JPEG,1
n02701002/n02701002_1358.JPEG,0
n04065272/n04065272_17682.JPEG,1
n04065272/n04065272_11245.JPEG,1
n04065272/n04065272_3128.JPEG,1
n04065272/n04065272_5557.JPEG,1
n02701002/n02701002_7757.JPEG,0
n04065272/n04065272_14043.JPEG,1
n02701002/n02701002_1709.JPEG,0
n02701002/n02701002_1537.JPEG,0
n02701002/n02701002_9285.JPEG,0
n02701002/n02701002_9770.JPEG,0
n02701002/n02701002_4139.JPEG,0
n02701002/n02701002_10888.JPEG,0
n04065272/n04065272_1577.JPEG,1
n02701002/n02701002_638.JPEG,0
n04065272/n04065272_19495.JPEG,1
n02701002/n02701002_2012.JPEG,0
n04065272/n04065272_18314.JPEG,1
n02701002/n02701002_3872.JPEG,0
n04065272/n04065272_13852.JPEG,1
n04065272/n04065272_19595.JPEG,1
n04065272/n04065272_20777.JPEG,1
n02701002/n02701002_6192.JPEG,0
n04065272/n04065272_5386.JPEG,1
n02701002/n02701002_5288.JPEG,0
n04065272/n04065272_5375.JPEG,1
n02701002/n02701002_9722.JPEG,0
n02701002/n02701002_693.JPEG,0
n04065272/n04065272_2880.JPEG,1
n04065272/n04065272_5228.JPEG,1
n04065272/n04065272_16654.JPEG,1
n02701002/n02701002_6501.JPEG,0
n02701002/n02701002_2992.JPEG,0
n02701002/n02701002_2091.JPEG,0
n04065272/n04065272_21038.JPEG,1
n04065272/n04065272_17283.JPEG,1
n02701002/n02701002_2252.JPEG,0
n04065272/n04065272_18871.JPEG,1
n02701002/n02701002_12242.JPEG,0
n04065272/n04065272_24972.JPEG,1
n04065272/n04065272_19302.JPEG,1
n02701002/n02701002_1511.JPEG,0
n04065272/n04065272_13748.JPEG,1
n02701002/n02701002_10391.JPEG,0
n02701002/n02701002_9918.JPEG,0
n04065272/n04065272_19265.JPEG,1
n04065272/n04065272_7742.JPEG,1
n04065272/n04065272_3601.JPEG,1
n02701002/n02701002_302.JPEG,0
n02701002/n02701002_6405.JPEG,0
n02701002/n02701002_1614.JPEG,0
n04065272/n04065272_22804.JPEG,1
n04065272/n04065272_33678.JPEG,1
n02701002/n02701002_15383.JPEG,0
n02701002/n02701002_9738.JPEG,0
n02701002/n02701002_5433.JPEG,0
n02701002/n02701002_3846.JPEG,0
n02701002/n02701002_16183.JPEG,0
n04065272/n04065272_5106.JPEG,1
n04065272/n04065272_9226.JPEG,1
n02701002/n02701002_4468.JPEG,0
n04065272/n04065272_10607.JPEG,1
n02701002/n02701002_4562.JPEG,0
n02701002/n02701002_7103.JPEG,0
n02701002/n02701002_4496.JPEG,0
n04065272/n04065272_27967.JPEG,1
n02701002/n02701002_15392.JPEG,0
n02701002/n02701002_10894.JPEG,0
n02701002/n02701002_3639.JPEG,0
n04065272/n04065272_6263.JPEG,1
n04065272/n04065272_22603.JPEG,1
n04065272/n04065272_5326.JPEG,1
n04065272/n04065272_9922.JPEG,1
n02701002/n02701002_16688.JPEG,0
n04065272/n04065272_14037.JPEG,1
n04065272/n04065272_5872.JPEG,1
n04065272/n04065272_23186.JPEG,1
n02701002/n02701002_17067.JPEG,0
n04065272/n04065272_12211.JPEG,1
n04065272/n04065272_16770.JPEG,1
n04065272/n04065272_830.JPEG,1
n04065272/n04065272_254.JPEG,1
n02701002/n02701002_12714.JPEG,0
n04065272/n04065272_5290.JPEG,1
n04065272/n04065272_10849.JPEG,1
n02701002/n02701002_1382.JPEG,0
n04065272/n04065272_5959.JPEG,1
n04065272/n04065272_3219.JPEG,1
n02701002/n02701002_9281.JPEG,0
n02701002/n02701002_9663.JPEG,0
n04065272/n04065272_14231.JPEG,1
n04065272/n04065272_27707.JPEG,1
n04065272/n04065272_18077.JPEG,1
n02701002/n02701002_4223.JPEG,0
n02701002/n02701002_5419.JPEG,0
n02701002/n02701002_12953.JPEG,0
n02701002/n02701002_2221.JPEG,0
n02701002/n02701002_3759.JPEG,0
n02701002/n02701002_803.JPEG,0
n04065272/n04065272_6631.JPEG,1
n02701002/n02701002_3508.JPEG,0
n02701002/n02701002_7065.JPEG,0
n04065272/n04065272_15744.JPEG,1
n02701002/n02701002_7259.JPEG,0
n02701002/n02701002_1159.JPEG,0
n02701002/n02701002_4930.JPEG,0
n04065272/n04065272_3305.JPEG,1
n02701002/n02701002_673.JPEG,0
n04065272/n04065272_8478.JPEG,1
n02701002/n02701002_1393.JPEG,0
n04065272/n04065272_21361.JPEG,1
n04065272/n04065272_7522.JPEG,1
n02701002/n02701002_7345.JPEG,0
n02701002/n02701002_1287.JPEG,0
n02701002/n02701002_6982.JPEG,0
n02701002/n02701002_11083.JPEG,0
n02701002/n02701002_6662.JPEG,0
n02701002/n02701002_86.JPEG,0
n02701002/n02701002_6955.JPEG,0
n02701002/n02701002_333.JPEG,0
n04065272/n04065272_6938.JPEG,1
n02701002/n02701002_5247.JPEG,0
n04065272/n04065272_434.JPEG,1
n02701002/n02701002_4616.JPEG,0
n02701002/n02701002_288.JPEG,0
n02701002/n02701002_5105.JPEG,0
n04065272/n04065272_14980.JPEG,1
n02701002/n02701002_5382.JPEG,0
n02701002/n02701002_11882.JPEG,0
